消息序号,来源,采集时间,基站标识,小区标识,服务小区物理小区标识,物理小区标识,RSRP(dBm),RSRQ(dB)
1,5G基站,2023-03-22 22:18:09 (629),1,1,3,3,-75,-10
2,5G基站,2023-03-22 22:18:10 (669),1,1,3,3,-75,-10
3,5G基站,2023-03-22 22:18:11 (690),1,1,3,3,-77,-10
4,5G基站,2023-03-22 22:18:12 (709),1,1,3,3,-75,-10
5,5G基站,2023-03-22 22:18:13 (749),1,1,3,3,-75,-10
6,5G基站,2023-03-22 22:18:14 (770),1,1,3,3,-75,-10
7,5G基站,2023-03-22 22:18:15 (790),1,1,3,3,-75,-10
8,5G基站,2023-03-22 22:18:16 (810),1,1,3,3,-76,-10
9,5G基站,2023-03-22 22:18:17 (849),1,1,3,3,-75,-10
10,5G基站,2023-03-22 22:18:18 (869),1,1,3,3,-75,-10
11,5G基站,2023-03-22 22:18:19 (889),1,1,3,3,-75,-10
12,5G基站,2023-03-22 22:18:20 (910),1,1,3,3,-75,-10
13,5G基站,2023-03-22 22:18:21 (949),1,1,3,3,-75,-10
14,5G基站,2023-03-22 22:18:22 (954),1,1,3,3,-76,-10
15,5G基站,2023-03-22 22:18:23 (980),1,1,3,3,-76,-10
16,5G基站,2023-03-22 22:18:25 (4),1,1,3,3,-76,-10
17,5G基站,2023-03-22 22:18:26 (29),1,1,3,3,-76,-10
18,5G基站,2023-03-22 22:18:27 (55),1,1,3,3,-76,-10
19,5G基站,2023-03-22 22:18:28 (80),1,1,3,3,-76,-10
20,5G基站,2023-03-22 22:18:29 (104),1,1,3,3,-76,-10
21,5G基站,2023-03-22 22:18:30 (130),1,1,3,3,-76,-10
22,5G基站,2023-03-22 22:18:31 (154),1,1,3,3,-76,-10
23,5G基站,2023-03-22 22:18:32 (179),1,1,3,3,-77,-10
24,5G基站,2023-03-22 22:18:33 (204),1,1,3,3,-76,-10
25,5G基站,2023-03-22 22:18:34 (230),1,1,3,3,-77,-10
26,5G基站,2023-03-22 22:18:35 (255),1,1,3,3,-76,-10
27,5G基站,2023-03-22 22:18:36 (279),1,1,3,3,-77,-10
28,5G基站,2023-03-22 22:18:37 (309),1,1,3,3,-77,-10
29,5G基站,2023-03-22 22:18:38 (330),1,1,3,3,-77,-10
30,5G基站,2023-03-22 22:18:39 (370),1,1,3,3,-77,-10
31,5G基站,2023-03-22 22:18:40 (374),1,1,3,3,-76,-10
32,5G基站,2023-03-22 22:18:41 (409),1,1,3,3,-77,-10
33,5G基站,2023-03-22 22:18:42 (424),1,1,3,3,-76,-10
34,5G基站,2023-03-22 22:18:43 (469),1,1,3,3,-77,-10
35,5G基站,2023-03-22 22:18:44 (474),1,1,3,3,-76,-10
36,5G基站,2023-03-22 22:18:45 (509),1,1,3,3,-77,-10
37,5G基站,2023-03-22 22:18:46 (524),1,1,3,3,-76,-10
38,5G基站,2023-03-22 22:18:47 (569),1,1,3,3,-76,-10
39,5G基站,2023-03-22 22:18:48 (575),1,1,3,3,-76,-10
40,5G基站,2023-03-22 22:18:49 (610),1,1,3,3,-76,-10
41,5G基站,2023-03-22 22:18:50 (629),1,1,3,3,-76,-10
42,5G基站,2023-03-22 22:18:51 (669),1,1,3,3,-77,-10
43,5G基站,2023-03-22 22:18:52 (689),1,1,3,3,-76,-10
44,5G基站,2023-03-22 22:18:53 (700),1,1,3,3,-76,-10
45,5G基站,2023-03-22 22:18:54 (729),1,1,3,3,-76,-10
46,5G基站,2023-03-22 22:18:55 (750),1,1,3,3,-76,-10
47,5G基站,2023-03-22 22:18:56 (789),1,1,3,3,-76,-10
48,5G基站,2023-03-22 22:18:57 (800),1,1,3,3,-76,-10
49,5G基站,2023-03-22 22:18:58 (829),1,1,3,3,-76,-10
50,5G基站,2023-03-22 22:18:59 (850),1,1,3,3,-76,-10
51,5G基站,2023-03-22 22:19:00 (874),1,1,3,3,-76,-10
52,5G基站,2023-03-22 22:19:01 (899),1,1,3,3,-77,-10
53,5G基站,2023-03-22 22:19:02 (924),1,1,3,3,-76,-10
54,5G基站,2023-03-22 22:19:03 (950),1,1,3,3,-75,-10
55,5G基站,2023-03-22 22:19:04 (974),1,1,3,3,-76,-10
56,5G基站,2023-03-22 22:19:05 (999),1,1,3,3,-77,-10
57,5G基站,2023-03-22 22:19:07 (24),1,1,3,3,-77,-10
58,5G基站,2023-03-22 22:19:08 (50),1,1,3,3,-77,-10
59,5G基站,2023-03-22 22:19:09 (70),1,1,3,3,-78,-10
60,5G基站,2023-03-22 22:19:10 (95),1,1,3,3,-77,-10
61,5G基站,2023-03-22 22:19:11 (120),1,1,3,3,-77,-10
62,5G基站,2023-03-22 22:19:12 (159),1,1,3,3,-77,-10
63,5G基站,2023-03-22 22:19:13 (170),1,1,3,3,-78,-10
64,5G基站,2023-03-22 22:19:14 (194),1,1,3,3,-78,-10
65,5G基站,2023-03-22 22:19:15 (219),1,1,3,3,-78,-10
66,5G基站,2023-03-22 22:19:16 (244),1,1,3,3,-78,-10
67,5G基站,2023-03-22 22:19:17 (269),1,1,3,3,-78,-10
68,5G基站,2023-03-22 22:19:18 (294),1,1,3,3,-78,-10
69,5G基站,2023-03-22 22:19:19 (319),1,1,3,3,-78,-10
70,5G基站,2023-03-22 22:19:20 (345),1,1,3,3,-78,-10
71,5G基站,2023-03-22 22:19:21 (389),1,1,3,3,-78,-10
72,5G基站,2023-03-22 22:19:22 (395),1,1,3,3,-77,-10
73,5G基站,2023-03-22 22:19:23 (429),1,1,3,3,-78,-10
74,5G基站,2023-03-22 22:19:24 (445),1,1,3,3,-78,-10
75,5G基站,2023-03-22 22:19:25 (489),1,1,3,3,-78,-10
76,5G基站,2023-03-22 22:19:26 (495),1,1,3,3,-77,-10
77,5G基站,2023-03-22 22:19:27 (529),1,1,3,3,-78,-10
78,5G基站,2023-03-22 22:19:28 (549),1,1,3,3,-78,-10
79,5G基站,2023-03-22 22:19:29 (589),1,1,3,3,-78,-10
80,5G基站,2023-03-22 22:19:30 (594),1,1,3,3,-77,-10
81,5G基站,2023-03-22 22:19:31 (630),1,1,3,3,-78,-11
82,5G基站,2023-03-22 22:19:32 (644),1,1,3,3,-77,-10
83,5G基站,2023-03-22 22:19:33 (690),1,1,3,3,-77,-10
84,5G基站,2023-03-22 22:19:34 (694),1,1,3,3,-77,-10
85,5G基站,2023-03-22 22:19:35 (730),1,1,3,3,-78,-10
86,5G基站,2023-03-22 22:19:36 (744),1,1,3,3,-78,-10
87,5G基站,2023-03-22 22:19:37 (770),1,1,3,3,-77,-10
88,5G基站,2023-03-22 22:19:38 (795),1,1,3,3,-77,-10
89,5G基站,2023-03-22 22:19:39 (824),1,1,3,3,-79,-11
90,5G基站,2023-03-22 22:19:40 (844),1,1,3,3,-77,-10
91,5G基站,2023-03-22 22:19:41 (870),1,1,3,3,-79,-10
92,5G基站,2023-03-22 22:19:42 (894),1,1,3,3,-75,-11
93,5G基站,2023-03-22 22:19:43 (919),1,1,3,3,-72,-10
94,5G基站,2023-03-22 22:19:44 (944),1,1,3,3,-72,-10
95,5G基站,2023-03-22 22:19:45 (970),1,1,3,3,-72,-10
96,5G基站,2023-03-22 22:19:46 (995),1,1,3,3,-76,-10
97,5G基站,2023-03-22 22:19:48 (19),1,1,3,3,-78,-10
98,5G基站,2023-03-22 22:19:49 (44),1,1,3,3,-77,-10
99,5G基站,2023-03-22 22:19:50 (69),1,1,3,3,-74,-10
100,5G基站,2023-03-22 22:19:51 (94),1,1,3,3,-75,-10
101,5G基站,2023-03-22 22:19:52 (120),1,1,3,3,-73,-10
102,5G基站,2023-03-22 22:19:53 (144),1,1,3,3,-74,-10
103,5G基站,2023-03-22 22:19:54 (190),1,1,3,3,-77,-10
104,5G基站,2023-03-22 22:19:55 (209),1,1,3,3,-75,-10
105,5G基站,2023-03-22 22:19:56 (229),1,1,3,3,-77,-10
106,5G基站,2023-03-22 22:19:57 (249),1,1,3,3,-77,-10
107,5G基站,2023-03-22 22:19:58 (269),1,1,3,3,-76,-10
108,5G基站,2023-03-22 22:19:59 (294),1,1,3,3,-76,-10
109,5G基站,2023-03-22 22:20:00 (320),1,1,3,3,-75,-10
110,5G基站,2023-03-22 22:20:01 (344),1,1,3,3,-74,-10
111,5G基站,2023-03-22 22:20:02 (369),1,1,3,3,-76,-10
112,5G基站,2023-03-22 22:20:03 (395),1,1,3,3,-76,-10
113,5G基站,2023-03-22 22:20:04 (420),1,1,3,3,-77,-10
114,5G基站,2023-03-22 22:20:05 (444),1,1,3,3,-77,-10
115,5G基站,2023-03-22 22:20:06 (469),1,1,3,3,-76,-10
116,5G基站,2023-03-22 22:20:07 (494),1,1,3,3,-78,-10
117,5G基站,2023-03-22 22:20:08 (519),1,1,3,3,-75,-10
118,5G基站,2023-03-22 22:20:09 (549),1,1,3,3,-76,-10
119,5G基站,2023-03-22 22:20:10 (569),1,1,3,3,-76,-10
120,5G基站,2023-03-22 22:20:11 (609),1,1,3,3,-75,-10
121,5G基站,2023-03-22 22:20:12 (615),1,1,3,3,-76,-10
122,5G基站,2023-03-22 22:20:13 (649),1,1,3,3,-77,-10
123,5G基站,2023-03-22 22:20:14 (669),1,1,3,3,-76,-10
124,5G基站,2023-03-22 22:20:15 (709),1,1,3,3,-78,-10
125,5G基站,2023-03-22 22:20:16 (719),1,1,3,3,-73,-10
126,5G基站,2023-03-22 22:20:17 (750),1,1,3,3,-73,-10
127,5G基站,2023-03-22 22:20:18 (764),1,1,3,3,-75,-10
128,5G基站,2023-03-22 22:20:19 (790),1,1,3,3,-76,-10
129,5G基站,2023-03-22 22:20:20 (815),1,1,3,3,-75,-10
130,5G基站,2023-03-22 22:20:21 (849),1,1,3,3,-77,-10
131,5G基站,2023-03-22 22:20:22 (863),1,1,3,3,-79,-10
132,5G基站,2023-03-22 22:20:23 (909),1,1,3,3,-79,-10
133,5G基站,2023-03-22 22:20:24 (914),1,1,3,3,-78,-10
134,5G基站,2023-03-22 22:20:25 (949),1,1,3,3,-79,-10
135,5G基站,2023-03-22 22:20:26 (969),1,1,3,3,-78,-10
136,5G基站,2023-03-22 22:20:27 (989),1,1,3,3,-77,-10
137,5G基站,2023-03-22 22:20:29 (14),1,1,3,3,-77,-10
138,5G基站,2023-03-22 22:20:30 (39),1,1,3,3,-79,-10
139,5G基站,2023-03-22 22:20:31 (64),1,1,3,3,-77,-10
140,5G基站,2023-03-22 22:20:32 (90),1,1,3,3,-76,-10
141,5G基站,2023-03-22 22:20:33 (114),1,1,3,3,-75,-10
142,5G基站,2023-03-22 22:20:34 (139),1,1,3,3,-78,-10
143,5G基站,2023-03-22 22:20:35 (164),1,1,3,3,-75,-10
144,5G基站,2023-03-22 22:20:36 (189),1,1,3,3,-75,-10
145,5G基站,2023-03-22 22:20:37 (214),1,1,3,3,-75,-10
146,5G基站,2023-03-22 22:20:38 (239),1,1,3,3,-76,-10
147,5G基站,2023-03-22 22:20:39 (264),1,1,3,3,-75,-10
148,5G基站,2023-03-22 22:20:40 (309),1,1,3,3,-79,-10
149,5G基站,2023-03-22 22:20:41 (314),1,1,3,3,-76,-10
150,5G基站,2023-03-22 22:20:42 (339),1,1,3,3,-74,-10
151,5G基站,2023-03-22 22:20:43 (364),1,1,3,3,-76,-10
152,5G基站,2023-03-22 22:20:44 (389),1,1,3,3,-79,-10
153,5G基站,2023-03-22 22:20:45 (414),1,1,3,3,-76,-10
154,5G基站,2023-03-22 22:20:46 (439),1,1,3,3,-77,-10
155,5G基站,2023-03-22 22:20:47 (464),1,1,3,3,-76,-10
156,5G基站,2023-03-22 22:20:48 (490),1,1,3,3,-76,-10
157,5G基站,2023-03-22 22:20:49 (514),1,1,3,3,-78,-10
158,5G基站,2023-03-22 22:20:50 (540),1,1,3,3,-78,-10
159,5G基站,2023-03-22 22:20:51 (564),1,1,3,3,-77,-10
160,5G基站,2023-03-22 22:20:52 (589),1,1,3,3,-77,-10
161,5G基站,2023-03-22 22:20:53 (629),1,1,3,3,-76,-10
162,5G基站,2023-03-22 22:20:54 (639),1,1,3,3,-76,-10
163,5G基站,2023-03-22 22:20:55 (669),1,1,3,3,-78,-10
164,5G基站,2023-03-22 22:20:56 (709),1,1,3,3,-78,-10
165,5G基站,2023-03-22 22:20:57 (729),1,1,3,3,-78,-10
166,5G基站,2023-03-22 22:20:58 (749),1,1,3,3,-78,-10
167,5G基站,2023-03-22 22:20:59 (769),1,1,3,3,-79,-10
168,5G基站,2023-03-22 22:21:00 (784),1,1,3,3,-75,-10
169,5G基站,2023-03-22 22:21:01 (810),1,1,3,3,-78,-10
170,5G基站,2023-03-22 22:21:02 (849),1,1,3,3,-76,-10
171,5G基站,2023-03-22 22:21:03 (859),1,1,3,3,-78,-10
172,5G基站,2023-03-22 22:21:04 (884),1,1,3,3,-78,-10
173,5G基站,2023-03-22 22:21:05 (908),1,1,3,3,-79,-10
174,5G基站,2023-03-22 22:21:06 (934),1,1,3,3,-80,-10
175,5G基站,2023-03-22 22:21:07 (959),1,1,3,3,-78,-10
176,5G基站,2023-03-22 22:21:08 (984),1,1,3,3,-78,-10
177,5G基站,2023-03-22 22:21:10 (35),1,1,3,3,-77,-10
178,5G基站,2023-03-22 22:21:11 (34),1,1,3,3,-77,-10
179,5G基站,2023-03-22 22:21:12 (70),1,1,3,3,-84,-10
180,5G基站,2023-03-22 22:21:13 (84),1,1,3,3,-78,-10
181,5G基站,2023-03-22 22:21:14 (129),1,1,3,3,-80,-10
182,5G基站,2023-03-22 22:21:15 (134),1,1,3,3,-78,-10
183,5G基站,2023-03-22 22:21:16 (159),1,1,3,3,-78,-10
184,5G基站,2023-03-22 22:21:17 (214),1,1,3,3,-79,-10
185,5G基站,2023-03-22 22:21:18 (209),1,1,3,3,-77,-10
186,5G基站,2023-03-22 22:21:19 (234),1,1,3,3,-77,-10
187,5G基站,2023-03-22 22:21:20 (259),1,1,3,3,-77,-10
188,5G基站,2023-03-22 22:21:21 (285),1,1,3,3,-76,-10
189,5G基站,2023-03-22 22:21:22 (309),1,1,3,3,-76,-10
190,5G基站,2023-03-22 22:21:23 (330),1,1,3,3,-80,-10
191,5G基站,2023-03-22 22:21:24 (355),1,1,3,3,-78,-10
192,5G基站,2023-03-22 22:21:25 (379),1,1,3,3,-77,-10
193,5G基站,2023-03-22 22:21:26 (404),1,1,3,3,-77,-10
194,5G基站,2023-03-22 22:21:27 (429),1,1,3,3,-77,-10
195,5G基站,2023-03-22 22:21:28 (469),1,1,3,3,-77,-10
196,5G基站,2023-03-22 22:21:29 (479),1,1,3,3,-77,-10
197,5G基站,2023-03-22 22:21:30 (509),1,1,3,3,-79,-10
198,5G基站,2023-03-22 22:21:31 (529),1,1,3,3,-79,-10
199,5G基站,2023-03-22 22:21:32 (569),1,1,3,3,-76,-10
200,5G基站,2023-03-22 22:21:33 (579),1,1,3,3,-77,-10
201,5G基站,2023-03-22 22:21:34 (609),1,1,3,3,-75,-10
202,5G基站,2023-03-22 22:21:35 (629),1,1,3,3,-74,-10
203,5G基站,2023-03-22 22:21:36 (669),1,1,3,3,-74,-10
204,5G基站,2023-03-22 22:21:37 (679),1,1,3,3,-75,-10
205,5G基站,2023-03-22 22:21:38 (709),1,1,3,3,-74,-10
206,5G基站,2023-03-22 22:21:39 (729),1,1,3,3,-74,-10
207,5G基站,2023-03-22 22:21:40 (769),1,1,3,3,-74,-10
208,5G基站,2023-03-22 22:21:41 (779),1,1,3,3,-74,-10
209,5G基站,2023-03-22 22:21:42 (809),1,1,3,3,-76,-10
210,5G基站,2023-03-22 22:21:43 (849),1,1,3,3,-76,-10
211,5G基站,2023-03-22 22:21:44 (869),1,1,3,3,-76,-10
212,5G基站,2023-03-22 22:21:45 (889),1,1,3,3,-75,-10
213,5G基站,2023-03-22 22:21:46 (909),1,1,3,3,-78,-10
214,5G基站,2023-03-22 22:21:47 (949),1,1,3,3,-74,-10
215,5G基站,2023-03-22 22:21:48 (969),1,1,3,3,-77,-10
216,5G基站,2023-03-22 22:21:49 (989),1,1,3,3,-77,-10
217,5G基站,2023-03-22 22:21:51 (9),1,1,3,3,-78,-10
218,5G基站,2023-03-22 22:21:52 (49),1,1,3,3,-78,-10
219,5G基站,2023-03-22 22:21:53 (69),1,1,3,3,-79,-10
220,5G基站,2023-03-22 22:21:54 (89),1,1,3,3,-77,-10
221,5G基站,2023-03-22 22:21:55 (104),1,1,3,3,-79,-10
222,5G基站,2023-03-22 22:21:56 (149),1,1,3,3,-76,-10
223,5G基站,2023-03-22 22:21:57 (154),1,1,3,3,-80,-10
224,5G基站,2023-03-22 22:21:58 (189),1,1,3,3,-77,-10
225,5G基站,2023-03-22 22:21:59 (199),1,1,3,3,-80,-10
226,5G基站,2023-03-22 22:22:00 (234),1,1,3,3,-78,-10
227,5G基站,2023-03-22 22:22:01 (249),1,1,3,3,-78,-10
228,5G基站,2023-03-22 22:22:02 (289),1,1,3,3,-79,-10
229,5G基站,2023-03-22 22:22:03 (299),1,1,3,3,-79,-10
230,5G基站,2023-03-22 22:22:04 (329),1,1,3,3,-78,-10
231,5G基站,2023-03-22 22:22:05 (349),1,1,3,3,-81,-10
232,5G基站,2023-03-22 22:22:06 (389),1,1,3,3,-77,-10
233,5G基站,2023-03-22 22:22:07 (399),1,1,3,3,-78,-10
234,5G基站,2023-03-22 22:22:08 (429),1,1,3,3,-78,-10
235,5G基站,2023-03-22 22:22:09 (449),1,1,3,3,-81,-10
236,5G基站,2023-03-22 22:22:10 (489),1,1,3,3,-81,-10
237,5G基站,2023-03-22 22:22:11 (499),1,1,3,3,-81,-10
238,5G基站,2023-03-22 22:22:12 (529),1,1,3,3,-81,-10
239,5G基站,2023-03-22 22:22:13 (549),1,1,3,3,-81,-10
240,5G基站,2023-03-22 22:22:14 (589),1,1,3,3,-80,-10
241,5G基站,2023-03-22 22:22:15 (599),1,1,3,3,-80,-10
242,5G基站,2023-03-22 22:22:16 (629),1,1,3,3,-81,-10
243,5G基站,2023-03-22 22:22:17 (649),1,1,3,3,-78,-10
244,5G基站,2023-03-22 22:22:18 (689),1,1,3,3,-81,-10
245,5G基站,2023-03-22 22:22:19 (700),1,1,3,3,-77,-10
246,5G基站,2023-03-22 22:22:20 (729),1,1,3,3,-74,-10
247,5G基站,2023-03-22 22:22:21 (749),1,1,3,3,-76,-10
248,5G基站,2023-03-22 22:22:22 (789),1,1,3,3,-80,-10
249,5G基站,2023-03-22 22:22:23 (794),1,1,3,3,-76,-10
250,5G基站,2023-03-22 22:22:24 (829),1,1,3,3,-80,-10
251,5G基站,2023-03-22 22:22:25 (844),1,1,3,3,-80,-10
252,5G基站,2023-03-22 22:22:26 (889),1,1,3,3,-79,-10
253,5G基站,2023-03-22 22:22:27 (894),1,1,3,3,-80,-10
254,5G基站,2023-03-22 22:22:28 (929),1,1,3,3,-81,-10
255,5G基站,2023-03-22 22:22:29 (944),1,1,3,3,-80,-10
256,5G基站,2023-03-22 22:22:30 (989),1,1,3,3,-79,-10
257,5G基站,2023-03-22 22:22:31 (994),1,1,3,3,-79,-10
258,5G基站,2023-03-22 22:22:33 (29),1,1,3,3,-78,-10
259,5G基站,2023-03-22 22:22:34 (43),1,1,3,3,-79,-10
260,5G基站,2023-03-22 22:22:35 (89),1,1,3,3,-81,-10
261,5G基站,2023-03-22 22:22:36 (109),1,1,3,3,-78,-10
262,5G基站,2023-03-22 22:22:37 (129),1,1,3,3,-77,-10
263,5G基站,2023-03-22 22:22:38 (149),1,1,3,3,-77,-10
264,5G基站,2023-03-22 22:22:39 (169),1,1,3,3,-79,-10
265,5G基站,2023-03-22 22:22:40 (209),1,1,3,3,-77,-10
266,5G基站,2023-03-22 22:22:41 (219),1,1,3,3,-77,-10
267,5G基站,2023-03-22 22:22:42 (249),1,1,3,3,-77,-10
268,5G基站,2023-03-22 22:22:43 (269),1,1,3,3,-79,-10
269,5G基站,2023-03-22 22:22:44 (294),1,1,3,3,-78,-10
270,5G基站,2023-03-22 22:22:45 (317),1,1,3,3,-77,-10
271,5G基站,2023-03-22 22:22:46 (344),1,1,3,3,-76,-10
272,5G基站,2023-03-22 22:22:47 (369),1,1,3,3,-75,-10
273,5G基站,2023-03-22 22:22:48 (394),1,1,3,3,-72,-10
274,5G基站,2023-03-22 22:22:49 (419),1,1,3,3,-71,-10
275,5G基站,2023-03-22 22:22:50 (444),1,1,3,3,-71,-10
276,5G基站,2023-03-22 22:22:51 (469),1,1,3,3,-71,-10
277,5G基站,2023-03-22 22:22:52 (494),1,1,3,3,-72,-10
278,5G基站,2023-03-22 22:22:53 (519),1,1,3,3,-75,-10
279,5G基站,2023-03-22 22:22:54 (544),1,1,3,3,-75,-10
280,5G基站,2023-03-22 22:22:55 (569),1,1,3,3,-73,-10
281,5G基站,2023-03-22 22:22:56 (609),1,1,3,3,-71,-10
282,5G基站,2023-03-22 22:22:57 (629),1,1,3,3,-72,-10
283,5G基站,2023-03-22 22:22:58 (649),1,1,3,3,-71,-10
284,5G基站,2023-03-22 22:22:59 (669),1,1,3,3,-71,-10
285,5G基站,2023-03-22 22:23:00 (689),1,1,3,3,-71,-10
286,5G基站,2023-03-22 22:23:01 (715),1,1,3,3,-72,-10
287,5G基站,2023-03-22 22:23:02 (739),1,1,3,3,-71,-10
288,5G基站,2023-03-22 22:23:03 (764),1,1,3,3,-71,-10
289,5G基站,2023-03-22 22:23:04 (809),1,1,3,3,-72,-10
290,5G基站,2023-03-22 22:23:05 (794),1,1,3,3,-71,-10
291,5G基站,2023-03-22 22:23:06 (849),1,1,3,3,-72,-10
292,5G基站,2023-03-22 22:23:07 (864),1,1,3,3,-71,-10
293,5G基站,2023-03-22 22:23:08 (889),1,1,3,3,-71,-10
294,5G基站,2023-03-22 22:23:09 (929),1,1,3,3,-71,-10
295,5G基站,2023-03-22 22:23:10 (939),1,1,3,3,-71,-10
296,5G基站,2023-03-22 22:23:11 (969),1,1,3,3,-71,-10
297,5G基站,2023-03-22 22:23:12 (989),1,1,3,3,-71,-10
298,5G基站,2023-03-22 22:23:14 (29),1,1,3,3,-72,-10
299,5G基站,2023-03-22 22:23:15 (39),1,1,3,3,-72,-10
300,5G基站,2023-03-22 22:23:16 (69),1,1,3,3,-74,-10
301,5G基站,2023-03-22 22:23:17 (89),1,1,3,3,-70,-10
302,5G基站,2023-03-22 22:23:18 (129),1,1,3,3,-73,-10
303,5G基站,2023-03-22 22:23:19 (139),1,1,3,3,-70,-11
304,5G基站,2023-03-22 22:23:20 (169),1,1,3,3,-75,-11
305,5G基站,2023-03-22 22:23:21 (189),1,1,3,3,-71,-11
306,5G基站,2023-03-22 22:23:22 (229),1,1,3,3,-75,-11
307,5G基站,2023-03-22 22:23:23 (239),1,1,3,3,-69,-10
308,5G基站,2023-03-22 22:23:24 (269),1,1,3,3,-72,-10
309,5G基站,2023-03-22 22:23:25 (289),1,1,3,3,-70,-10
310,5G基站,2023-03-22 22:23:26 (329),1,1,3,3,-68,-10
311,5G基站,2023-03-22 22:23:27 (339),1,1,3,3,-69,-11
312,5G基站,2023-03-22 22:23:28 (359),1,1,3,3,-69,-11
313,5G基站,2023-03-22 22:23:29 (384),1,1,3,3,-69,-11
314,5G基站,2023-03-22 22:23:30 (409),1,1,3,3,-68,-10
315,5G基站,2023-03-22 22:23:31 (434),1,1,3,3,-69,-10
316,5G基站,2023-03-22 22:23:32 (459),1,1,3,3,-70,-10
317,5G基站,2023-03-22 22:23:33 (484),1,1,3,3,-71,-10
318,5G基站,2023-03-22 22:23:34 (509),1,1,3,3,-70,-10
319,5G基站,2023-03-22 22:23:35 (534),1,1,3,3,-71,-10
320,5G基站,2023-03-22 22:23:36 (559),1,1,3,3,-75,-10
321,5G基站,2023-03-22 22:23:37 (584),1,1,3,3,-70,-10
322,5G基站,2023-03-22 22:23:38 (609),1,1,3,3,-74,-10
323,5G基站,2023-03-22 22:23:39 (649),1,1,3,3,-76,-10
324,5G基站,2023-03-22 22:23:40 (659),1,1,3,3,-76,-10
325,5G基站,2023-03-22 22:23:41 (689),1,1,3,3,-76,-10
326,5G基站,2023-03-22 22:23:42 (709),1,1,3,3,-77,-10
327,5G基站,2023-03-22 22:23:43 (749),1,1,3,3,-76,-10
328,5G基站,2023-03-22 22:23:44 (759),1,1,3,3,-75,-10
329,5G基站,2023-03-22 22:23:45 (789),1,1,3,3,-74,-10
330,5G基站,2023-03-22 22:23:46 (809),1,1,3,3,-78,-10
331,5G基站,2023-03-22 22:23:47 (849),1,1,3,3,-79,-10
332,5G基站,2023-03-22 22:23:48 (859),1,1,3,3,-77,-10
333,5G基站,2023-03-22 22:23:49 (889),1,1,3,3,-79,-10
334,5G基站,2023-03-22 22:23:50 (909),1,1,3,3,-77,-10
335,5G基站,2023-03-22 22:23:51 (949),1,1,3,3,-77,-10
336,5G基站,2023-03-22 22:23:52 (969),1,1,3,3,-78,-10
337,5G基站,2023-03-22 22:23:53 (989),1,1,3,3,-79,-10
338,5G基站,2023-03-22 22:23:55 (9),1,1,3,3,-78,-10
339,5G基站,2023-03-22 22:23:56 (49),1,1,3,3,-78,-10
340,5G基站,2023-03-22 22:23:57 (59),1,1,3,3,-80,-10
341,5G基站,2023-03-22 22:23:58 (89),1,1,3,3,-82,-10
342,5G基站,2023-03-22 22:23:59 (104),1,1,3,3,-79,-10
343,5G基站,2023-03-22 22:24:00 (149),1,1,3,3,-80,-10
344,5G基站,2023-03-22 22:24:01 (154),1,1,3,3,-80,-10
345,5G基站,2023-03-22 22:24:02 (189),1,1,3,3,-85,-10
346,5G基站,2023-03-22 22:24:03 (204),1,1,3,3,-85,-10
347,5G基站,2023-03-22 22:24:04 (249),1,1,3,3,-85,-10
348,5G基站,2023-03-22 22:24:05 (254),1,1,3,3,-85,-10
349,5G基站,2023-03-22 22:24:06 (289),1,1,3,3,-88,-10
350,5G基站,2023-03-22 22:24:07 (304),1,1,3,3,-95,-10
351,5G基站,2023-03-22 22:24:08 (349),1,1,3,3,-97,-10
352,5G基站,2023-03-22 22:24:09 (354),1,1,3,3,-95,-10
353,5G基站,2023-03-22 22:24:10 (634),1,1,3,3,-96,-10
354,5G基站,2023-03-22 22:24:11 (454),1,1,3,3,-97,-10
355,5G基站,2023-03-22 22:24:12 (429),1,1,3,3,-98,-10
356,5G基站,2023-03-22 22:24:13 (454),1,1,3,3,-98,-10
357,5G基站,2023-03-22 22:24:14 (479),1,1,3,3,-100,-10
358,5G基站,2023-03-22 22:24:15 (504),1,1,3,3,-100,-10
359,5G基站,2023-03-22 22:24:16 (524),1,1,3,3,-101,-10
360,5G基站,2023-03-22 22:24:17 (548),1,1,3,3,-100,-10
361,5G基站,2023-03-22 22:24:18 (574),1,1,3,3,-102,-10
362,5G基站,2023-03-22 22:24:19 (599),1,1,3,3,-100,-10
363,5G基站,2023-03-22 22:24:20 (624),1,1,3,3,-101,-10
364,5G基站,2023-03-22 22:24:21 (649),1,1,3,3,-102,-10
365,5G基站,2023-03-22 22:24:22 (674),1,1,3,3,-104,-10
366,5G基站,2023-03-22 22:24:23 (699),1,1,3,3,-103,-10
367,5G基站,2023-03-22 22:24:24 (724),1,1,3,3,-104,-11
368,5G基站,2023-03-22 22:24:25 (749),1,1,3,3,-101,-10
369,5G基站,2023-03-22 22:24:26 (774),1,1,3,3,-106,-11
370,5G基站,2023-03-22 22:24:27 (799),1,1,3,3,-104,-10
371,5G基站,2023-03-22 22:24:28 (824),1,1,3,3,-105,-11
372,5G基站,2023-03-22 22:24:29 (869),1,1,3,3,-103,-10
373,5G基站,2023-03-22 22:24:30 (874),1,1,3,3,-103,-11
374,5G基站,2023-03-22 22:24:31 (909),1,1,3,3,-111,-11
375,5G基站,2023-03-22 22:24:32 (929),1,1,3,3,-112,-11
376,5G基站,2023-03-22 22:24:33 (949),1,1,3,3,-110,-11
377,5G基站,2023-03-22 22:24:34 (989),1,1,3,3,-110,-11
378,5G基站,2023-03-22 22:24:36 (9),1,1,3,3,-111,-11
379,5G基站,2023-03-22 22:24:37 (29),1,1,3,3,-111,-11
380,5G基站,2023-03-22 22:24:38 (49),1,1,3,3,-110,-11
381,5G基站,2023-03-22 22:24:39 (89),1,1,3,3,-110,-11
382,5G基站,2023-03-22 22:24:40 (109),1,1,3,3,-111,-11
383,5G基站,2023-03-22 22:24:41 (129),1,1,3,3,-111,-11
384,5G基站,2023-03-22 22:24:42 (154),1,1,3,3,-112,-11
385,5G基站,2023-03-22 22:24:43 (169),1,1,3,3,-111,-11
386,5G基站,2023-03-22 22:24:44 (209),1,1,3,3,-114,-11
387,5G基站,2023-03-22 22:24:45 (219),1,1,3,3,-115,-11
388,5G基站,2023-03-22 22:24:46 (259),1,1,3,3,-115,-12
389,5G基站,2023-03-22 22:24:47 (269),1,1,3,3,-116,-12
390,5G基站,2023-03-22 22:24:48 (314),1,1,3,3,-115,-11
391,5G基站,2023-03-22 22:24:49 (319),1,1,3,3,-116,-12
392,5G基站,2023-03-22 22:24:50 (349),1,1,3,3,-115,-11
393,5G基站,2023-03-22 22:24:51 (369),1,1,3,3,-116,-12
394,5G基站,2023-03-22 22:24:52 (409),1,1,3,3,-117,-12
395,5G基站,2023-03-22 22:24:53 (414),1,1,3,3,-114,-11
396,5G基站,2023-03-22 22:24:54 (449),1,1,3,3,-117,-13
397,5G基站,2023-03-22 22:24:55 (465),1,1,3,3,-119,-13
398,5G基站,2023-03-22 22:24:56 (509),1,1,3,3,-118,-12
399,5G基站,2023-03-22 22:24:57 (512),1,1,3,3,-116,-12
400,5G基站,2023-03-22 22:24:58 (539),1,1,3,3,-115,-12
401,5G基站,2023-03-22 22:24:59 (564),1,1,3,3,-118,-13
402,5G基站,2023-03-22 22:25:00 (589),1,1,3,3,-120,-13
403,5G基站,2023-03-22 22:25:01 (629),1,1,3,3,-121,-14
404,5G基站,2023-03-22 22:25:02 (649),1,1,3,3,-117,-13
405,5G基站,2023-03-22 22:25:03 (669),1,1,3,3,-119,-13
406,5G基站,2023-03-22 22:25:04 (689),1,1,3,3,-117,-13
407,5G基站,2023-03-22 22:25:05 (734),1,1,3,3,-119,-13
408,5G基站,2023-03-22 22:25:06 (739),1,1,3,3,-120,-13
409,5G基站,2023-03-22 22:25:07 (769),1,1,3,3,-116,-12
410,5G基站,2023-03-22 22:25:08 (794),1,1,3,3,-116,-12
411,5G基站,2023-03-22 22:25:09 (854),1,1,3,3,-116,-13
412,5G基站,2023-03-22 22:25:10 (879),1,1,3,3,-110,-13
413,5G基站,2023-03-22 22:25:11 (874),1,1,3,3,-117,-12
414,5G基站,2023-03-22 22:25:12 (884),1,1,3,3,-119,-13
415,5G基站,2023-03-22 22:25:13 (929),1,1,3,3,-122,-14
416,5G基站,2023-03-22 22:25:14 (934),1,1,3,3,-120,-14
417,5G基站,2023-03-22 22:25:15 (969),1,1,3,3,-122,-14
418,5G基站,2023-03-22 22:25:16 (994),1,1,3,3,-120,-13
419,5G基站,2023-03-22 22:25:18 (34),1,1,3,3,-122,-14
420,5G基站,2023-03-22 22:25:19 (49),1,1,3,3,-118,-12
421,5G基站,2023-03-22 22:25:20 (79),1,1,3,3,-121,-13
422,5G基站,2023-03-22 22:25:21 (89),1,1,3,3,-122,-14
423,5G基站,2023-03-22 22:25:22 (129),1,1,3,3,-123,-15
424,5G基站,2023-03-22 22:25:23 (159),1,1,3,3,-123,-14
425,5G基站,2023-03-22 22:25:24 (169),1,1,3,3,-121,-13
426,5G基站,2023-03-22 22:25:25 (184),1,1,3,3,-123,-14
427,5G基站,2023-03-22 22:25:26 (239),1,1,3,3,-120,-13
428,5G基站,2023-03-22 22:25:27 (234),1,1,3,3,-121,-13
429,5G基站,2023-03-22 22:25:28 (274),1,1,3,3,-118,-12
430,5G基站,2023-03-22 22:25:29 (284),1,1,3,3,-120,-13
431,5G基站,2023-03-22 22:25:30 (329),1,1,3,3,-118,-12
432,5G基站,2023-03-22 22:25:31 (329),1,1,3,3,-119,-13
433,5G基站,2023-03-22 22:25:32 (369),1,1,3,3,-120,-13
434,5G基站,2023-03-22 22:25:33 (384),1,1,3,3,-118,-14
435,5G基站,2023-03-22 22:25:34 (414),1,1,3,3,-123,-14
436,5G基站,2023-03-22 22:25:35 (439),1,1,3,3,-121,-14
437,5G基站,2023-03-22 22:25:36 (479),1,1,3,3,-121,-13
438,5G基站,2023-03-22 22:25:37 (479),1,1,3,3,-123,-15
439,5G基站,2023-03-22 22:25:38 (519),1,1,3,3,-122,-14
440,5G基站,2023-03-22 22:25:39 (529),1,1,3,3,-123,-15
441,5G基站,2023-03-22 22:25:40 (619),1,1,3,3,-123,-14
442,5G基站,2023-03-22 22:25:41 (595),1,1,3,3,-124,-15
443,5G基站,2023-03-22 22:25:42 (609),1,1,3,3,-121,-13
444,5G基站,2023-03-22 22:25:43 (649),1,1,3,3,-119,-16
445,5G基站,2023-03-22 22:25:44 (659),1,1,3,3,-124,-16
446,5G基站,2023-03-22 22:25:45 (694),1,1,3,3,-122,-15
447,5G基站,2023-03-22 22:25:46 (714),1,1,3,3,-120,-13
448,5G基站,2023-03-22 22:25:47 (734),1,1,3,3,-122,-15
449,5G基站,2023-03-22 22:25:48 (754),1,1,3,3,-123,-15
450,5G基站,2023-03-22 22:25:49 (835),1,1,3,3,-122,-13
451,5G基站,2023-03-22 22:25:50 (814),1,1,3,3,-123,-15
452,5G基站,2023-03-22 22:25:51 (834),1,1,3,3,-119,-13
453,5G基站,2023-03-22 22:25:52 (890),1,1,3,3,-124,-14
454,5G基站,2023-03-22 22:25:53 (885),1,1,3,3,-124,-16
455,5G基站,2023-03-22 22:25:54 (904),1,1,3,3,-124,-15
456,5G基站,2023-03-22 22:25:55 (934),1,1,3,3,-124,-15
457,5G基站,2023-03-22 22:25:56 (954),1,1,3,3,-125,-16
458,5G基站,2023-03-22 22:25:57 (995),1,1,3,3,-125,-16
459,5G基站,2023-03-22 22:25:59 (10),1,1,3,3,-124,-15
460,5G基站,2023-03-22 22:26:00 (35),1,1,3,3,-124,-16
461,5G基站,2023-03-22 22:26:01 (54),1,1,3,3,-124,-16
462,5G基站,2023-03-22 22:26:02 (79),1,1,3,3,-125,-16
463,5G基站,2023-03-22 22:26:03 (114),1,1,3,3,-124,-16
464,5G基站,2023-03-22 22:26:04 (129),1,1,3,3,-125,-16
465,5G基站,2023-03-22 22:26:05 (170),1,1,3,3,-125,-16
466,5G基站,2023-03-22 22:26:06 (194),1,1,3,3,-119,-16
467,5G基站,2023-03-22 22:26:07 (210),1,1,3,3,-124,-16
468,5G基站,2023-03-22 22:26:08 (254),1,1,3,3,-125,-16
469,5G基站,2023-03-22 22:26:09 (254),1,1,3,3,-125,-16
470,5G基站,2023-03-22 22:26:10 (279),1,1,3,3,-124,-15
471,5G基站,2023-03-22 22:26:11 (305),1,1,3,3,-111,-16
472,5G基站,2023-03-22 22:26:12 (359),1,1,3,3,-114,-15
473,5G基站,2023-03-22 22:26:13 (355),1,1,3,3,-117,-16
474,5G基站,2023-03-22 22:26:14 (414),1,1,3,3,-122,-16
475,5G基站,2023-03-22 22:26:15 (409),1,1,3,3,-125,-16
476,5G基站,2023-03-22 22:26:16 (449),1,1,3,3,-126,-17
477,5G基站,2023-03-22 22:26:17 (475),1,1,3,3,-116,-15
478,5G基站,2023-03-22 22:26:18 (495),1,1,3,3,-129,-19
479,5G基站,2023-03-22 22:26:19 (539),1,1,3,3,-126,-18
480,5G基站,2023-03-22 22:26:20 (535),1,1,3,3,-127,-19
481,5G基站,2023-03-22 22:28:36 (449),1,1,3,3,-94,-10
482,5G基站,2023-03-22 22:28:37 (474),1,1,3,3,-97,-10
483,5G基站,2023-03-22 22:28:38 (509),1,1,3,3,-95,-10
484,5G基站,2023-03-22 22:28:39 (529),1,1,3,3,-94,-10
485,5G基站,2023-03-22 22:28:40 (569),1,1,3,3,-93,-10
486,5G基站,2023-03-22 22:28:41 (589),1,1,3,3,-95,-10
487,5G基站,2023-03-22 22:28:42 (609),1,1,3,3,-97,-10
488,5G基站,2023-03-22 22:28:43 (629),1,1,3,3,-95,-10
489,5G基站,2023-03-22 22:28:44 (669),1,1,3,3,-95,-10
490,5G基站,2023-03-22 22:28:45 (689),1,1,3,3,-95,-10
491,5G基站,2023-03-22 22:28:46 (709),1,1,3,3,-94,-10
492,5G基站,2023-03-22 22:28:47 (729),1,1,3,3,-91,-10
493,5G基站,2023-03-22 22:28:48 (769),1,1,3,3,-91,-10
494,5G基站,2023-03-22 22:28:49 (789),1,1,3,3,-87,-10
495,5G基站,2023-03-22 22:28:50 (809),1,1,3,3,-87,-10
496,5G基站,2023-03-22 22:28:51 (829),1,1,3,3,-84,-10
497,5G基站,2023-03-22 22:28:52 (869),1,1,3,3,-85,-10
498,5G基站,2023-03-22 22:28:53 (889),1,1,3,3,-84,-10
499,5G基站,2023-03-22 22:28:54 (894),1,1,3,3,-85,-10
500,5G基站,2023-03-22 22:28:55 (929),1,1,3,3,-84,-10
501,5G基站,2023-03-22 22:28:56 (944),1,1,3,3,-83,-10
502,5G基站,2023-03-22 22:28:57 (969),1,1,3,3,-81,-10
503,5G基站,2023-03-22 22:28:58 (994),1,1,3,3,-79,-10
504,5G基站,2023-03-22 22:29:00 (19),1,1,3,3,-82,-11
505,5G基站,2023-03-22 22:29:01 (44),1,1,3,3,-79,-10
506,5G基站,2023-03-22 22:29:02 (69),1,1,3,3,-78,-10
507,5G基站,2023-03-22 22:29:03 (94),1,1,3,3,-78,-10
508,5G基站,2023-03-22 22:29:04 (119),1,1,3,3,-79,-10
509,5G基站,2023-03-22 22:29:05 (144),1,1,3,3,-80,-10
510,5G基站,2023-03-22 22:29:06 (169),1,1,3,3,-78,-10
511,5G基站,2023-03-22 22:29:07 (194),1,1,3,3,-77,-10
512,5G基站,2023-03-22 22:29:08 (219),1,1,3,3,-78,-10
513,5G基站,2023-03-22 22:29:09 (244),1,1,3,3,-78,-10
514,5G基站,2023-03-22 22:29:10 (269),1,1,3,3,-78,-10
515,5G基站,2023-03-22 22:29:11 (293),1,1,3,3,-78,-10
516,5G基站,2023-03-22 22:29:12 (319),1,1,3,3,-78,-10
517,5G基站,2023-03-22 22:29:13 (344),1,1,3,3,-81,-10
518,5G基站,2023-03-22 22:29:14 (369),1,1,3,3,-83,-10
519,5G基站,2023-03-22 22:29:15 (389),1,1,3,3,-84,-10
520,5G基站,2023-03-22 22:29:16 (415),1,1,3,3,-83,-10
521,5G基站,2023-03-22 22:29:17 (444),1,1,3,3,-90,-10
522,5G基站,2023-03-22 22:29:18 (464),1,1,3,3,-95,-10
523,5G基站,2023-03-22 22:29:19 (489),1,1,3,3,-95,-10
524,5G基站,2023-03-22 22:29:20 (514),1,1,3,3,-95,-10
525,5G基站,2023-03-22 22:29:21 (539),1,1,3,3,-97,-10
526,5G基站,2023-03-22 22:29:22 (562),1,1,3,3,-98,-10
527,5G基站,2023-03-22 22:29:23 (589),1,1,3,3,-97,-10
528,5G基站,2023-03-22 22:29:24 (614),1,1,3,3,-99,-10
529,5G基站,2023-03-22 22:29:25 (639),1,1,3,3,-95,-10
530,5G基站,2023-03-22 22:29:26 (664),1,1,3,3,-100,-10
531,5G基站,2023-03-22 22:29:27 (694),1,1,3,3,-97,-10
532,5G基站,2023-03-22 22:29:28 (729),1,1,3,3,-102,-10
533,5G基站,2023-03-22 22:29:29 (739),1,1,3,3,-101,-10
534,5G基站,2023-03-22 22:29:30 (769),1,1,3,3,-102,-10
535,5G基站,2023-03-22 22:29:31 (784),1,1,3,3,-101,-10
536,5G基站,2023-03-22 22:29:32 (829),1,1,3,3,-100,-10
537,5G基站,2023-03-22 22:29:33 (844),1,1,3,3,-101,-10
538,5G基站,2023-03-22 22:29:34 (869),1,1,3,3,-105,-11
539,5G基站,2023-03-22 22:29:35 (884),1,1,3,3,-108,-11
540,5G基站,2023-03-22 22:29:36 (909),1,1,3,3,-107,-11
541,5G基站,2023-03-22 22:29:37 (934),1,1,3,3,-109,-11
542,5G基站,2023-03-22 22:29:38 (959),1,1,3,3,-108,-11
543,5G基站,2023-03-22 22:29:39 (984),1,1,3,3,-106,-11
544,5G基站,2023-03-22 22:29:41 (9),1,1,3,3,-109,-11
545,5G基站,2023-03-22 22:29:42 (34),1,1,3,3,-110,-11
546,5G基站,2023-03-22 22:29:43 (59),1,1,3,3,-112,-11
547,5G基站,2023-03-22 22:29:44 (84),1,1,3,3,-114,-11
548,5G基站,2023-03-22 22:29:45 (109),1,1,3,3,-112,-11
549,5G基站,2023-03-22 22:29:46 (134),1,1,3,3,-111,-11
550,5G基站,2023-03-22 22:29:47 (159),1,1,3,3,-113,-11
551,5G基站,2023-03-22 22:29:48 (179),1,1,3,3,-112,-11
552,5G基站,2023-03-22 22:29:49 (204),1,1,3,3,-115,-11
553,5G基站,2023-03-22 22:29:50 (229),1,1,3,3,-117,-12
554,5G基站,2023-03-22 22:29:51 (254),1,1,3,3,-117,-12
555,5G基站,2023-03-22 22:29:52 (279),1,1,3,3,-117,-12
556,5G基站,2023-03-22 22:29:53 (304),1,1,3,3,-114,-12
557,5G基站,2023-03-22 22:29:54 (329),1,1,3,3,-118,-12
558,5G基站,2023-03-22 22:29:55 (354),1,1,3,3,-118,-13
559,5G基站,2023-03-22 22:29:56 (389),1,1,3,3,-117,-12
560,5G基站,2023-03-22 22:29:57 (404),1,1,3,3,-119,-13
561,5G基站,2023-03-22 22:29:58 (449),1,1,3,3,-121,-14
562,5G基站,2023-03-22 22:29:59 (459),1,1,3,3,-121,-14
563,5G基站,2023-03-22 22:30:00 (489),1,1,3,3,-120,-13
564,5G基站,2023-03-22 22:30:01 (499),1,1,3,3,-121,-14
565,5G基站,2023-03-22 22:30:02 (549),1,1,3,3,-122,-14
566,5G基站,2023-03-22 22:30:03 (550),1,1,3,3,-121,-14
567,5G基站,2023-03-22 22:30:04 (599),1,1,3,3,-115,-14
568,5G基站,2023-03-22 22:30:05 (619),1,1,3,3,-122,-15
569,5G基站,2023-03-22 22:30:06 (634),1,1,3,3,-122,-14
570,5G基站,2023-03-22 22:30:07 (699),1,1,3,3,-119,-15
571,5G基站,2023-03-22 22:30:08 (680),1,1,3,3,-122,-14
572,5G基站,2023-03-22 22:30:09 (699),1,1,3,3,-122,-14
573,5G基站,2023-03-22 22:30:10 (729),1,1,3,3,-118,-14
574,5G基站,2023-03-22 22:30:11 (754),1,1,3,3,-122,-15
575,5G基站,2023-03-22 22:30:12 (799),1,1,3,3,-124,-15
576,5G基站,2023-03-22 22:30:13 (809),1,1,3,3,-123,-16
577,5G基站,2023-03-22 22:30:14 (850),1,1,3,3,-122,-14
578,5G基站,2023-03-22 22:30:15 (890),1,1,3,3,-122,-15
579,5G基站,2023-03-22 22:30:16 (889),1,1,3,3,-122,-16
580,5G基站,2023-03-22 22:30:17 (929),1,1,3,3,-123,-16
581,5G基站,2023-03-22 22:30:18 (929),1,1,3,3,-122,-14
582,5G基站,2023-03-22 22:30:19 (970),1,1,3,3,-119,-15
583,5G基站,2023-03-22 22:30:20 (974),1,1,3,3,-122,-14
584,5G基站,2023-03-22 22:30:21 (995),1,1,3,3,-124,-16
585,5G基站,2023-03-22 22:30:23 (54),1,1,3,3,-122,-17
586,5G基站,2023-03-22 22:30:24 (54),1,1,3,3,-124,-18
587,5G基站,2023-03-22 22:30:25 (89),1,1,3,3,-129,-20
588,5G基站,2023-03-22 22:30:26 (135),1,1,3,3,-109,-15
589,5G基站,2023-03-22 22:30:31 (20),1,1,3,3,-129,-20
590,5G基站,2023-03-22 22:31:38 (549),1,1,3,3,-98,-10
591,5G基站,2023-03-22 22:31:39 (574),1,1,3,3,-97,-10
592,5G基站,2023-03-22 22:31:40 (609),1,1,3,3,-100,-10
593,5G基站,2023-03-22 22:31:41 (629),1,1,3,3,-100,-10
594,5G基站,2023-03-22 22:31:42 (669),1,1,3,3,-99,-10
595,5G基站,2023-03-22 22:31:43 (674),1,1,3,3,-104,-10
596,5G基站,2023-03-22 22:31:44 (709),1,1,3,3,-105,-10
597,5G基站,2023-03-22 22:31:45 (724),1,1,3,3,-108,-11
598,5G基站,2023-03-22 22:31:46 (749),1,1,3,3,-108,-11
599,5G基站,2023-03-22 22:31:47 (774),1,1,3,3,-109,-11
600,5G基站,2023-03-22 22:31:48 (799),1,1,3,3,-111,-11
601,5G基站,2023-03-22 22:31:49 (830),1,1,3,3,-112,-11
602,5G基站,2023-03-22 22:31:50 (849),1,1,3,3,-112,-11
603,5G基站,2023-03-22 22:31:51 (874),1,1,3,3,-112,-11
604,5G基站,2023-03-22 22:31:52 (899),1,1,3,3,-114,-11
605,5G基站,2023-03-22 22:31:53 (924),1,1,3,3,-115,-11
606,5G基站,2023-03-22 22:31:54 (949),1,1,3,3,-113,-11
607,5G基站,2023-03-22 22:31:55 (974),1,1,3,3,-116,-12
608,5G基站,2023-03-22 22:31:57 (19),1,1,3,3,-118,-13
609,5G基站,2023-03-22 22:31:58 (34),1,1,3,3,-118,-13
610,5G基站,2023-03-22 22:31:59 (44),1,1,3,3,-118,-12
611,5G基站,2023-03-22 22:32:00 (74),1,1,3,3,-120,-13
612,5G基站,2023-03-22 22:32:01 (94),1,1,3,3,-121,-14
613,5G基站,2023-03-22 22:32:02 (120),1,1,3,3,-122,-15
614,5G基站,2023-03-22 22:32:03 (154),1,1,3,3,-121,-14
615,5G基站,2023-03-22 22:32:04 (174),1,1,3,3,-123,-15
616,5G基站,2023-03-22 22:32:05 (214),1,1,3,3,-122,-14
617,5G基站,2023-03-22 22:32:06 (234),1,1,3,3,-122,-14
618,5G基站,2023-03-22 22:32:07 (249),1,1,3,3,-122,-14
619,5G基站,2023-03-22 22:32:08 (289),1,1,3,3,-121,-14
620,5G基站,2023-03-22 22:32:09 (294),1,1,3,3,-121,-14
621,5G基站,2023-03-22 22:32:10 (334),1,1,3,3,-117,-15
622,5G基站,2023-03-22 22:32:11 (369),1,1,3,3,-124,-16
623,5G基站,2023-03-22 22:32:12 (394),1,1,3,3,-121,-15
624,5G基站,2023-03-22 22:32:13 (394),1,1,3,3,-113,-15
625,5G基站,2023-03-22 22:32:14 (434),1,1,3,3,-110,-14
626,5G基站,2023-03-22 22:32:15 (444),1,1,3,3,-121,-14
627,5G基站,2023-03-22 22:32:16 (489),1,1,3,3,-123,-15
628,5G基站,2023-03-22 22:32:17 (494),1,1,3,3,-123,-15
629,5G基站,2023-03-22 22:32:18 (529),1,1,3,3,-119,-13
630,5G基站,2023-03-22 22:32:19 (569),1,1,3,3,-122,-14
631,5G基站,2023-03-22 22:32:20 (609),1,1,3,3,-111,-15
632,5G基站,2023-03-22 22:32:21 (614),1,1,3,3,-121,-15
633,5G基站,2023-03-22 22:32:22 (634),1,1,3,3,-123,-14
634,5G基站,2023-03-22 22:32:23 (650),1,1,3,3,-123,-15
635,5G基站,2023-03-22 22:32:24 (690),1,1,3,3,-121,-14
636,5G基站,2023-03-22 22:32:25 (699),1,1,3,3,-123,-15
637,5G基站,2023-03-22 22:32:26 (729),1,1,3,3,-123,-15
638,5G基站,2023-03-22 22:32:27 (774),1,1,3,3,-125,-17
639,5G基站,2023-03-22 22:32:28 (774),1,1,3,3,-124,-16
640,5G基站,2023-03-22 22:32:29 (809),1,1,3,3,-125,-16
641,5G基站,2023-03-22 22:32:30 (819),1,1,3,3,-125,-17
642,5G基站,2023-03-22 22:32:31 (849),1,1,3,3,-126,-18
643,5G基站,2023-03-22 22:32:32 (894),1,1,3,3,-126,-17
644,5G基站,2023-03-22 22:32:33 (899),1,1,3,3,-125,-17
645,5G基站,2023-03-22 22:32:34 (929),1,1,3,3,-124,-16
646,5G基站,2023-03-22 22:32:35 (974),1,1,3,3,-125,-16
647,5G基站,2023-03-22 22:32:36 (974),1,1,3,3,-126,-18
648,5G基站,2023-03-22 22:32:37 (994),1,1,3,3,-123,-16
649,5G基站,2023-03-22 22:32:39 (19),1,1,3,3,-123,-15
650,5G基站,2023-03-22 22:32:40 (49),1,1,3,3,-124,-16
651,5G基站,2023-03-22 22:32:41 (99),1,1,3,3,-122,-15
652,5G基站,2023-03-22 22:32:42 (99),1,1,3,3,-122,-15
653,5G基站,2023-03-22 22:32:43 (119),1,1,3,3,-123,-15
654,5G基站,2023-03-22 22:32:44 (159),1,1,3,3,-123,-15
655,5G基站,2023-03-22 22:32:45 (174),1,1,3,3,-116,-14
656,5G基站,2023-03-22 22:32:46 (219),1,1,3,3,-121,-15
657,5G基站,2023-03-22 22:32:47 (224),1,1,3,3,-118,-15
658,5G基站,2023-03-22 22:32:48 (259),1,1,3,3,-120,-14
659,5G基站,2023-03-22 22:32:49 (279),1,1,3,3,-114,-16
660,5G基站,2023-03-22 22:32:50 (334),1,1,3,3,-117,-15
661,5G基站,2023-03-22 22:32:51 (319),1,1,3,3,-122,-14
662,5G基站,2023-03-22 22:32:52 (354),1,1,3,3,-123,-15
663,5G基站,2023-03-22 22:32:53 (369),1,1,3,3,-123,-14
664,5G基站,2023-03-22 22:32:54 (409),1,1,3,3,-123,-14
665,5G基站,2023-03-22 22:32:55 (414),1,1,3,3,-122,-14
666,5G基站,2023-03-22 22:32:56 (529),1,1,3,3,-122,-14
667,5G基站,2023-03-22 22:32:57 (474),1,1,3,3,-122,-14
668,5G基站,2023-03-22 22:32:58 (559),1,1,3,3,-123,-16
669,5G基站,2023-03-22 22:32:59 (539),1,1,3,3,-121,-15
670,5G基站,2023-03-22 22:33:00 (539),1,1,3,3,-120,-13
671,5G基站,2023-03-22 22:33:01 (569),1,1,3,3,-120,-13
672,5G基站,2023-03-22 22:33:02 (594),1,1,3,3,-121,-14
673,5G基站,2023-03-22 22:33:03 (614),1,1,3,3,-121,-14
674,5G基站,2023-03-22 22:33:04 (649),1,1,3,3,-120,-13
675,5G基站,2023-03-22 22:33:05 (674),1,1,3,3,-123,-15
676,5G基站,2023-03-22 22:33:06 (694),1,1,3,3,-124,-15
677,5G基站,2023-03-22 22:33:07 (734),1,1,3,3,-123,-15
678,5G基站,2023-03-22 22:33:08 (739),1,1,3,3,-124,-15
679,5G基站,2023-03-22 22:33:09 (764),1,1,3,3,-124,-16
680,5G基站,2023-03-22 22:33:10 (794),1,1,3,3,-124,-15
681,5G基站,2023-03-22 22:33:11 (814),1,1,3,3,-123,-15
682,5G基站,2023-03-22 22:33:12 (884),1,1,3,3,-122,-14
683,5G基站,2023-03-22 22:33:14 (79),1,1,3,3,-122,-14
684,5G基站,2023-03-22 22:33:14 (894),1,1,3,3,-121,-14
685,5G基站,2023-03-22 22:33:15 (929),1,1,3,3,-121,-14
686,5G基站,2023-03-22 22:33:16 (964),1,1,3,3,-120,-13
687,5G基站,2023-03-22 22:33:17 (965),1,1,3,3,-121,-13
688,5G基站,2023-03-22 22:33:18 (994),1,1,3,3,-121,-13
689,5G基站,2023-03-22 22:33:20 (19),1,1,3,3,-123,-15
690,5G基站,2023-03-22 22:33:21 (39),1,1,3,3,-122,-14
691,5G基站,2023-03-22 22:33:22 (74),1,1,3,3,-122,-14
692,5G基站,2023-03-22 22:33:23 (89),1,1,3,3,-121,-13
693,5G基站,2023-03-22 22:33:24 (114),1,1,3,3,-121,-13
694,5G基站,2023-03-22 22:33:25 (134),1,1,3,3,-120,-13
695,5G基站,2023-03-22 22:33:26 (159),1,1,3,3,-120,-13
696,5G基站,2023-03-22 22:33:27 (189),1,1,3,3,-120,-13
697,5G基站,2023-03-22 22:33:28 (214),1,1,3,3,-120,-13
698,5G基站,2023-03-22 22:33:29 (234),1,1,3,3,-121,-14
699,5G基站,2023-03-22 22:33:30 (259),1,1,3,3,-121,-14
700,5G基站,2023-03-22 22:33:31 (289),1,1,3,3,-121,-14
701,5G基站,2023-03-22 22:33:32 (314),1,1,3,3,-121,-14
702,5G基站,2023-03-22 22:33:33 (369),1,1,3,3,-121,-14
703,5G基站,2023-03-22 22:33:34 (359),1,1,3,3,-122,-15
704,5G基站,2023-03-22 22:33:35 (393),1,1,3,3,-121,-14
705,5G基站,2023-03-22 22:33:36 (409),1,1,3,3,-122,-14
706,5G基站,2023-03-22 22:33:37 (454),1,1,3,3,-121,-14
707,5G基站,2023-03-22 22:33:38 (459),1,1,3,3,-121,-15
708,5G基站,2023-03-22 22:33:39 (484),1,1,3,3,-123,-14
709,5G基站,2023-03-22 22:33:40 (530),1,1,3,3,-124,-16
710,5G基站,2023-03-22 22:33:41 (534),1,1,3,3,-124,-16
711,5G基站,2023-03-22 22:33:42 (554),1,1,3,3,-123,-15
712,5G基站,2023-03-22 22:33:43 (594),1,1,3,3,-123,-15
713,5G基站,2023-03-22 22:33:44 (649),1,1,3,3,-121,-14
714,5G基站,2023-03-22 22:33:45 (614),1,1,3,3,-122,-14
715,5G基站,2023-03-22 22:33:46 (659),1,1,3,3,-122,-15
716,5G基站,2023-03-22 22:33:47 (679),1,1,3,3,-122,-14
717,5G基站,2023-03-22 22:33:48 (739),1,1,3,3,-122,-15
718,5G基站,2023-03-22 22:33:49 (734),1,1,3,3,-122,-14
719,5G基站,2023-03-22 22:33:50 (834),1,1,3,3,-122,-15
720,5G基站,2023-03-22 22:33:51 (779),1,1,3,3,-122,-15
721,5G基站,2023-03-22 22:33:52 (819),1,1,3,3,-122,-15
722,5G基站,2023-03-22 22:33:53 (974),1,1,3,3,-123,-15
723,5G基站,2023-03-22 22:33:54 (859),1,1,3,3,-123,-16
724,5G基站,2023-03-22 22:33:55 (879),1,1,3,3,-123,-15
725,5G基站,2023-03-22 22:33:56 (904),1,1,3,3,-122,-14
726,5G基站,2023-03-22 22:33:57 (929),1,1,3,3,-123,-14
727,5G基站,2023-03-22 22:33:58 (954),1,1,3,3,-123,-15
728,5G基站,2023-03-22 22:33:59 (979),1,1,3,3,-123,-15
729,5G基站,2023-03-22 22:34:01 (9),1,1,3,3,-123,-16
730,5G基站,2023-03-22 22:34:02 (49),1,1,3,3,-123,-15
731,5G基站,2023-03-22 22:34:03 (54),1,1,3,3,-123,-16
732,5G基站,2023-03-22 22:34:04 (79),1,1,3,3,-123,-16
733,5G基站,2023-03-22 22:34:05 (114),1,1,3,3,-124,-16
734,5G基站,2023-03-22 22:34:06 (129),1,1,3,3,-123,-15
735,5G基站,2023-03-22 22:34:07 (154),1,1,3,3,-122,-14
736,5G基站,2023-03-22 22:34:08 (179),1,1,3,3,-123,-15
737,5G基站,2023-03-22 22:34:09 (204),1,1,3,3,-123,-16
738,5G基站,2023-03-22 22:34:10 (229),1,1,3,3,-123,-16
739,5G基站,2023-03-22 22:34:11 (254),1,1,3,3,-123,-15
740,5G基站,2023-03-22 22:34:12 (279),1,1,3,3,-123,-15
741,5G基站,2023-03-22 22:34:13 (304),1,1,3,3,-123,-15
742,5G基站,2023-03-22 22:34:14 (329),1,1,3,3,-123,-15
743,5G基站,2023-03-22 22:34:15 (354),1,1,3,3,-124,-16
744,5G基站,2023-03-22 22:34:16 (379),1,1,3,3,-123,-15
745,5G基站,2023-03-22 22:34:17 (399),1,1,3,3,-122,-15
746,5G基站,2023-03-22 22:34:18 (434),1,1,3,3,-123,-16
747,5G基站,2023-03-22 22:34:19 (449),1,1,3,3,-123,-15
748,5G基站,2023-03-22 22:34:20 (479),1,1,3,3,-124,-15
749,5G基站,2023-03-22 22:34:21 (554),1,1,3,3,-108,-17
750,5G基站,2023-03-22 22:34:22 (529),1,1,3,3,-108,-18
751,5G基站,2023-03-22 22:34:23 (554),1,1,3,3,-110,-17
752,5G基站,2023-03-22 22:34:24 (574),1,1,3,3,-123,-18
753,5G基站,2023-03-22 22:34:25 (599),1,1,3,3,-118,-18
754,5G基站,2023-03-22 22:34:26 (634),1,1,3,3,-125,-16
755,5G基站,2023-03-22 22:34:27 (729),1,1,3,3,-114,-18
756,5G基站,2023-03-22 22:34:28 (714),1,1,3,3,-112,-18
757,5G基站,2023-03-22 22:34:29 (699),1,1,3,3,-120,-15
758,5G基站,2023-03-22 22:34:30 (724),1,1,3,3,-112,-16
759,5G基站,2023-03-22 22:34:31 (754),1,1,3,3,-121,-16
760,5G基站,2023-03-22 22:34:32 (774),1,1,3,3,-122,-17
761,5G基站,2023-03-22 22:34:33 (849),1,1,3,3,-124,-18
762,5G基站,2023-03-22 22:34:34 (824),1,1,3,3,-123,-16
763,5G基站,2023-03-22 22:34:35 (954),1,1,3,3,-122,-16
764,5G基站,2023-03-22 22:34:36 (874),1,1,3,3,-123,-15
765,5G基站,2023-03-22 22:34:37 (899),1,1,3,3,-120,-16
766,5G基站,2023-03-22 22:34:38 (959),1,1,3,3,-121,-15
767,5G基站,2023-03-22 22:34:40 (94),1,1,3,3,-121,-16
768,5G基站,2023-03-22 22:34:40 (974),1,1,3,3,-124,-16
769,5G基站,2023-03-22 22:34:41 (999),1,1,3,3,-123,-15
770,5G基站,2023-03-22 22:34:43 (34),1,1,3,3,-124,-16
771,5G基站,2023-03-22 22:34:44 (49),1,1,3,3,-122,-16
772,5G基站,2023-03-22 22:34:45 (74),1,1,3,3,-123,-15
773,5G基站,2023-03-22 22:34:46 (99),1,1,3,3,-125,-16
774,5G基站,2023-03-22 22:34:47 (134),1,1,3,3,-120,-14
775,5G基站,2023-03-22 22:34:48 (154),1,1,3,3,-122,-15
776,5G基站,2023-03-22 22:34:49 (179),1,1,3,3,-122,-14
777,5G基站,2023-03-22 22:34:50 (199),1,1,3,3,-124,-16
778,5G基站,2023-03-22 22:34:51 (234),1,1,3,3,-125,-16
779,5G基站,2023-03-22 22:34:52 (254),1,1,3,3,-122,-15
780,5G基站,2023-03-22 22:34:53 (274),1,1,3,3,-121,-13
781,5G基站,2023-03-22 22:34:54 (299),1,1,3,3,-120,-13
782,5G基站,2023-03-22 22:34:55 (329),1,1,3,3,-122,-14
783,5G基站,2023-03-22 22:34:56 (354),1,1,3,3,-122,-15
784,5G基站,2023-03-22 22:34:57 (394),1,1,3,3,-121,-14
785,5G基站,2023-03-22 22:34:58 (409),1,1,3,3,-120,-14
786,5G基站,2023-03-22 22:34:59 (419),1,1,3,3,-120,-14
787,5G基站,2023-03-22 22:35:00 (444),1,1,3,3,-121,-14
788,5G基站,2023-03-22 22:35:01 (489),1,1,3,3,-121,-14
789,5G基站,2023-03-22 22:35:02 (494),1,1,3,3,-122,-15
790,5G基站,2023-03-22 22:35:03 (519),1,1,3,3,-122,-14
791,5G基站,2023-03-22 22:35:04 (554),1,1,3,3,-121,-14
792,5G基站,2023-03-22 22:35:05 (569),1,1,3,3,-121,-14
793,5G基站,2023-03-22 22:35:06 (594),1,1,3,3,-120,-13
794,5G基站,2023-03-22 22:35:07 (619),1,1,3,3,-121,-13
795,5G基站,2023-03-22 22:35:08 (644),1,1,3,3,-121,-14
796,5G基站,2023-03-22 22:35:09 (689),1,1,3,3,-121,-14
797,5G基站,2023-03-22 22:35:10 (694),1,1,3,3,-122,-14
798,5G基站,2023-03-22 22:35:11 (739),1,1,3,3,-120,-14
799,5G基站,2023-03-22 22:35:12 (744),1,1,3,3,-120,-13
800,5G基站,2023-03-22 22:35:13 (769),1,1,3,3,-123,-15
801,5G基站,2023-03-22 22:35:14 (809),1,1,3,3,-121,-14
802,5G基站,2023-03-22 22:35:15 (819),1,1,3,3,-121,-14
803,5G基站,2023-03-22 22:35:16 (929),1,1,3,3,-116,-16
804,5G基站,2023-03-22 22:35:17 (864),1,1,3,3,-120,-15
805,5G基站,2023-03-22 22:35:19 (169),1,1,3,3,-117,-15
806,5G基站,2023-03-22 22:35:20 (129),1,1,3,3,-116,-15
807,5G基站,2023-03-22 22:37:00 (409),1,1,3,3,-97,-10
808,5G基站,2023-03-22 22:37:01 (434),1,1,3,3,-99,-10
809,5G基站,2023-03-22 22:37:02 (479),1,1,3,3,-99,-10
810,5G基站,2023-03-22 22:37:03 (489),1,1,3,3,-100,-10
811,5G基站,2023-03-22 22:37:04 (529),1,1,3,3,-100,-10
812,5G基站,2023-03-22 22:37:05 (549),1,1,3,3,-105,-10
813,5G基站,2023-03-22 22:37:06 (559),1,1,3,3,-107,-10
814,5G基站,2023-03-22 22:37:07 (589),1,1,3,3,-109,-11
815,5G基站,2023-03-22 22:37:08 (609),1,1,3,3,-109,-11
816,5G基站,2023-03-22 22:37:09 (649),1,1,3,3,-108,-11
817,5G基站,2023-03-22 22:37:10 (659),1,1,3,3,-108,-11
818,5G基站,2023-03-22 22:37:11 (689),1,1,3,3,-112,-11
819,5G基站,2023-03-22 22:37:12 (709),1,1,3,3,-111,-11
820,5G基站,2023-03-22 22:37:13 (749),1,1,3,3,-114,-11
821,5G基站,2023-03-22 22:37:14 (764),1,1,3,3,-115,-11
822,5G基站,2023-03-22 22:37:15 (784),1,1,3,3,-113,-12
823,5G基站,2023-03-22 22:37:16 (809),1,1,3,3,-116,-12
824,5G基站,2023-03-22 22:37:17 (835),1,1,3,3,-116,-12
825,5G基站,2023-03-22 22:37:18 (869),1,1,3,3,-116,-12
826,5G基站,2023-03-22 22:37:19 (889),1,1,3,3,-117,-12
827,5G基站,2023-03-22 22:37:20 (929),1,1,3,3,-118,-13
828,5G基站,2023-03-22 22:37:21 (949),1,1,3,3,-118,-13
829,5G基站,2023-03-22 22:37:22 (969),1,1,3,3,-119,-13
830,5G基站,2023-03-22 22:37:23 (999),1,1,3,3,-120,-13
831,5G基站,2023-03-22 22:37:25 (9),1,1,3,3,-120,-13
832,5G基站,2023-03-22 22:37:26 (34),1,1,3,3,-123,-15
833,5G基站,2023-03-22 22:37:27 (54),1,1,3,3,-121,-14
834,5G基站,2023-03-22 22:37:28 (79),1,1,3,3,-122,-14
835,5G基站,2023-03-22 22:37:29 (119),1,1,3,3,-122,-14
836,5G基站,2023-03-22 22:37:30 (129),1,1,3,3,-123,-15
837,5G基站,2023-03-22 22:37:31 (165),1,1,3,3,-123,-15
838,5G基站,2023-03-22 22:37:32 (184),1,1,3,3,-122,-15
839,5G基站,2023-03-22 22:37:33 (219),1,1,3,3,-124,-16
840,5G基站,2023-03-22 22:37:34 (234),1,1,3,3,-121,-14
841,5G基站,2023-03-22 22:37:35 (254),1,1,3,3,-125,-17
842,5G基站,2023-03-22 22:37:36 (279),1,1,3,3,-123,-16
843,5G基站,2023-03-22 22:37:37 (314),1,1,3,3,-122,-15
844,5G基站,2023-03-22 22:37:38 (329),1,1,3,3,-122,-15
845,5G基站,2023-03-22 22:37:39 (374),1,1,3,3,-124,-16
846,5G基站,2023-03-22 22:37:40 (379),1,1,3,3,-121,-14
847,5G基站,2023-03-22 22:37:41 (409),1,1,3,3,-123,-15
848,5G基站,2023-03-22 22:37:42 (434),1,1,3,3,-122,-15
849,5G基站,2023-03-22 22:37:43 (454),1,1,3,3,-122,-14
850,5G基站,2023-03-22 22:37:44 (479),1,1,3,3,-123,-15
851,5G基站,2023-03-22 22:37:45 (514),1,1,3,3,-123,-15
852,5G基站,2023-03-22 22:37:46 (529),1,1,3,3,-122,-15
853,5G基站,2023-03-22 22:37:47 (554),1,1,3,3,-123,-15
854,5G基站,2023-03-22 22:37:48 (609),1,1,3,3,-123,-15
855,5G基站,2023-03-22 22:37:49 (612),1,1,3,3,-123,-15
856,5G基站,2023-03-22 22:37:50 (633),1,1,3,3,-121,-15
857,5G基站,2023-03-22 22:37:51 (654),1,1,3,3,-120,-14
858,5G基站,2023-03-22 22:37:52 (679),1,1,3,3,-123,-15
859,5G基站,2023-03-22 22:37:53 (714),1,1,3,3,-123,-15
860,5G基站,2023-03-22 22:37:54 (754),1,1,3,3,-123,-15
861,5G基站,2023-03-22 22:37:55 (759),1,1,3,3,-122,-14
862,5G基站,2023-03-22 22:37:56 (794),1,1,3,3,-122,-15
863,5G基站,2023-03-22 22:37:57 (813),1,1,3,3,-123,-15
864,5G基站,2023-03-22 22:37:58 (834),1,1,3,3,-123,-15
865,5G基站,2023-03-22 22:37:59 (854),1,1,3,3,-123,-15
866,5G基站,2023-03-22 22:38:00 (894),1,1,3,3,-123,-15
867,5G基站,2023-03-22 22:38:01 (914),1,1,3,3,-123,-15
868,5G基站,2023-03-22 22:38:02 (933),1,1,3,3,-123,-15
869,5G基站,2023-03-22 22:38:03 (974),1,1,3,3,-124,-16
870,5G基站,2023-03-22 22:38:04 (994),1,1,3,3,-123,-15
871,5G基站,2023-03-22 22:38:06 (14),1,1,3,3,-123,-15
872,5G基站,2023-03-22 22:38:07 (54),1,1,3,3,-123,-15
873,5G基站,2023-03-22 22:38:08 (94),1,1,3,3,-123,-15
874,5G基站,2023-03-22 22:38:09 (94),1,1,3,3,-123,-15
875,5G基站,2023-03-22 22:38:10 (119),1,1,3,3,-123,-15
876,5G基站,2023-03-22 22:38:11 (134),1,1,3,3,-123,-15
877,5G基站,2023-03-22 22:38:12 (159),1,1,3,3,-123,-16
878,5G基站,2023-03-22 22:38:13 (214),1,1,3,3,-123,-16
879,5G基站,2023-03-22 22:38:14 (214),1,1,3,3,-123,-15
880,5G基站,2023-03-22 22:38:15 (239),1,1,3,3,-123,-16
881,5G基站,2023-03-22 22:38:16 (259),1,1,3,3,-123,-15
882,5G基站,2023-03-22 22:38:17 (279),1,1,3,3,-123,-15
883,5G基站,2023-03-22 22:38:18 (319),1,1,3,3,-122,-15
884,5G基站,2023-03-22 22:38:19 (334),1,1,3,3,-123,-15
885,5G基站,2023-03-22 22:38:20 (424),1,1,3,3,-122,-15
886,5G基站,2023-03-22 22:38:21 (439),1,1,3,3,-116,-15
887,5G基站,2023-03-22 22:38:22 (409),1,1,3,3,-121,-16
888,5G基站,2023-03-22 22:38:23 (434),1,1,3,3,-123,-16
889,5G基站,2023-03-22 22:38:24 (459),1,1,3,3,-123,-15
890,5G基站,2023-03-22 22:38:25 (489),1,1,3,3,-123,-15
891,5G基站,2023-03-22 22:38:26 (534),1,1,3,3,-123,-15
892,5G基站,2023-03-22 22:38:27 (534),1,1,3,3,-123,-15
893,5G基站,2023-03-22 22:38:28 (609),1,1,3,3,-123,-15
894,5G基站,2023-03-22 22:38:29 (594),1,1,3,3,-123,-15
895,5G基站,2023-03-22 22:38:30 (618),1,1,3,3,-124,-15
896,5G基站,2023-03-22 22:38:31 (634),1,1,3,3,-123,-16
897,5G基站,2023-03-22 22:38:33 (59),1,1,3,3,-121,-15
898,5G基站,2023-03-22 22:38:33 (694),1,1,3,3,-122,-15
899,5G基站,2023-03-22 22:38:34 (769),1,1,3,3,-122,-15
900,5G基站,2023-03-22 22:38:35 (729),1,1,3,3,-122,-15
901,5G基站,2023-03-22 22:38:36 (774),1,1,3,3,-124,-15
902,5G基站,2023-03-22 22:38:37 (779),1,1,3,3,-123,-15
903,5G基站,2023-03-22 22:38:38 (799),1,1,3,3,-124,-16
904,5G基站,2023-03-22 22:38:39 (834),1,1,3,3,-123,-15
905,5G基站,2023-03-22 22:38:40 (854),1,1,3,3,-123,-16
906,5G基站,2023-03-22 22:38:41 (889),1,1,3,3,-124,-16
907,5G基站,2023-03-22 22:38:42 (914),1,1,3,3,-120,-15
908,5G基站,2023-03-22 22:38:43 (954),1,1,3,3,-123,-16
909,5G基站,2023-03-22 22:38:44 (954),1,1,3,3,-123,-16
910,5G基站,2023-03-22 22:38:45 (979),1,1,3,3,-123,-15
911,5G基站,2023-03-22 22:38:47 (174),1,1,3,3,-123,-15
912,5G基站,2023-03-22 22:38:48 (49),1,1,3,3,-123,-15
913,5G基站,2023-03-22 22:38:49 (54),1,1,3,3,-123,-15
914,5G基站,2023-03-22 22:38:50 (89),1,1,3,3,-123,-16
915,5G基站,2023-03-22 22:38:51 (134),1,1,3,3,-122,-15
916,5G基站,2023-03-22 22:38:52 (129),1,1,3,3,-124,-16
917,5G基站,2023-03-22 22:38:53 (154),1,1,3,3,-124,-16
918,5G基站,2023-03-22 22:38:54 (199),1,1,3,3,-123,-16
919,5G基站,2023-03-22 22:38:55 (234),1,1,3,3,-123,-16
920,5G基站,2023-03-22 22:38:56 (233),1,1,3,3,-123,-15
921,5G基站,2023-03-22 22:38:57 (253),1,1,3,3,-122,-14
922,5G基站,2023-03-22 22:38:58 (299),1,1,3,3,-124,-16
923,5G基站,2023-03-22 22:38:59 (319),1,1,3,3,-123,-15
924,5G基站,2023-03-22 22:39:00 (334),1,1,3,3,-123,-16
925,5G基站,2023-03-22 22:39:01 (354),1,1,3,3,-123,-15
926,5G基站,2023-03-22 22:39:02 (394),1,1,3,3,-122,-15
927,5G基站,2023-03-22 22:39:03 (414),1,1,3,3,-123,-15
928,5G基站,2023-03-22 22:39:04 (434),1,1,3,3,-122,-16
929,5G基站,2023-03-22 22:39:05 (473),1,1,3,3,-122,-15
930,5G基站,2023-03-22 22:39:06 (484),1,1,3,3,-123,-15
931,5G基站,2023-03-22 22:39:07 (514),1,1,3,3,-123,-15
932,5G基站,2023-03-22 22:39:08 (534),1,1,3,3,-125,-17
933,5G基站,2023-03-22 22:39:09 (574),1,1,3,3,-125,-16
934,5G基站,2023-03-22 22:39:10 (579),1,1,3,3,-124,-15
935,5G基站,2023-03-22 22:39:11 (609),1,1,3,3,-123,-15
936,5G基站,2023-03-22 22:39:12 (634),1,1,3,3,-124,-16
937,5G基站,2023-03-22 22:39:13 (653),1,1,3,3,-124,-16
938,5G基站,2023-03-22 22:39:14 (719),1,1,3,3,-125,-16
939,5G基站,2023-03-22 22:39:15 (739),1,1,3,3,-125,-17
940,5G基站,2023-03-22 22:39:16 (734),1,1,3,3,-125,-16
941,5G基站,2023-03-22 22:39:17 (754),1,1,3,3,-125,-16
942,5G基站,2023-03-22 22:39:18 (793),1,1,3,3,-125,-16
943,5G基站,2023-03-22 22:39:19 (804),1,1,3,3,-125,-16
944,5G基站,2023-03-22 22:39:20 (849),1,1,3,3,-124,-16
945,5G基站,2023-03-22 22:39:21 (854),1,1,3,3,-124,-15
946,5G基站,2023-03-22 22:39:22 (894),1,1,3,3,-124,-15
947,5G基站,2023-03-22 22:39:23 (914),1,1,3,3,-124,-16
948,5G基站,2023-03-22 22:39:24 (929),1,1,3,3,-124,-16
949,5G基站,2023-03-22 22:39:25 (954),1,1,3,3,-124,-16
950,5G基站,2023-03-22 22:39:26 (994),1,1,3,3,-124,-16
951,5G基站,2023-03-22 22:39:28 (14),1,1,3,3,-125,-16
952,5G基站,2023-03-22 22:39:29 (34),1,1,3,3,-124,-15
953,5G基站,2023-03-22 22:39:30 (54),1,1,3,3,-123,-15
954,5G基站,2023-03-22 22:39:31 (77),1,1,3,3,-123,-15
955,5G基站,2023-03-22 22:39:32 (114),1,1,3,3,-123,-15
956,5G基站,2023-03-22 22:39:33 (134),1,1,3,3,-124,-15
957,5G基站,2023-03-22 22:39:34 (154),1,1,3,3,-124,-16
958,5G基站,2023-03-22 22:39:35 (194),1,1,3,3,-124,-16
959,5G基站,2023-03-22 22:39:36 (209),1,1,3,3,-124,-15
960,5G基站,2023-03-22 22:39:37 (234),1,1,3,3,-124,-15
961,5G基站,2023-03-22 22:39:38 (254),1,1,3,3,-124,-15
962,5G基站,2023-03-22 22:39:39 (299),1,1,3,3,-125,-16
963,5G基站,2023-03-22 22:39:40 (314),1,1,3,3,-122,-17
964,5G基站,2023-03-22 22:39:41 (329),1,1,3,3,-126,-17
965,5G基站,2023-03-22 22:39:42 (374),1,1,3,3,-124,-15
966,5G基站,2023-03-22 22:39:43 (378),1,1,3,3,-122,-14
967,5G基站,2023-03-22 22:39:44 (409),1,1,3,3,-122,-14
968,5G基站,2023-03-22 22:39:45 (434),1,1,3,3,-123,-15
969,5G基站,2023-03-22 22:39:46 (461),1,1,3,3,-123,-15
970,5G基站,2023-03-22 22:39:47 (479),1,1,3,3,-123,-15
971,5G基站,2023-03-22 22:39:48 (514),1,1,3,3,-124,-15
972,5G基站,2023-03-22 22:39:49 (529),1,1,3,3,-123,-15
973,5G基站,2023-03-22 22:39:50 (554),1,1,3,3,-123,-15
974,5G基站,2023-03-22 22:39:51 (594),1,1,3,3,-121,-15
975,5G基站,2023-03-22 22:39:52 (614),1,1,3,3,-123,-16
976,5G基站,2023-03-22 22:39:53 (634),1,1,3,3,-123,-17
977,5G基站,2023-03-22 22:39:54 (658),1,1,3,3,-123,-16
978,5G基站,2023-03-22 22:39:55 (684),1,1,3,3,-123,-15
979,5G基站,2023-03-22 22:39:56 (714),1,1,3,3,-122,-14
980,5G基站,2023-03-22 22:39:57 (729),1,1,3,3,-123,-15
981,5G基站,2023-03-22 22:39:58 (774),1,1,3,3,-123,-15
982,5G基站,2023-03-22 22:39:59 (779),1,1,3,3,-123,-16
983,5G基站,2023-03-22 22:40:00 (808),1,1,3,3,-123,-15
984,5G基站,2023-03-22 22:40:01 (834),1,1,3,3,-123,-15
985,5G基站,2023-03-22 22:40:02 (854),1,1,3,3,-123,-15
986,5G基站,2023-03-22 22:40:03 (879),1,1,3,3,-123,-15
987,5G基站,2023-03-22 22:40:04 (914),1,1,3,3,-123,-15
988,5G基站,2023-03-22 22:40:05 (934),1,1,3,3,-125,-16
989,5G基站,2023-03-22 22:40:06 (954),1,1,3,3,-123,-15
990,5G基站,2023-03-22 22:40:07 (993),1,1,3,3,-124,-15
991,5G基站,2023-03-22 22:40:09 (9),1,1,3,3,-124,-15
992,5G基站,2023-03-22 22:40:10 (54),1,1,3,3,-122,-16
993,5G基站,2023-03-22 22:40:11 (58),1,1,3,3,-124,-17
994,5G基站,2023-03-22 22:40:12 (89),1,1,3,3,-125,-16
995,5G基站,2023-03-22 22:40:13 (173),1,1,3,3,-124,-16
996,5G基站,2023-03-22 22:40:14 (139),1,1,3,3,-125,-16
997,5G基站,2023-03-22 22:40:15 (154),1,1,3,3,-125,-17
998,5G基站,2023-03-22 22:40:16 (194),1,1,3,3,-125,-17
999,5G基站,2023-03-22 22:40:17 (214),1,1,3,3,-125,-17
1000,5G基站,2023-03-22 22:40:18 (234),1,1,3,3,-126,-17
1001,5G基站,2023-03-22 22:40:19 (274),1,1,3,3,-125,-18
1002,5G基站,2023-03-22 22:40:20 (294),1,1,3,3,-125,-17
1003,5G基站,2023-03-22 22:40:21 (319),1,1,3,3,-125,-17
1004,5G基站,2023-03-22 22:40:22 (339),1,1,3,3,-125,-17
1005,5G基站,2023-03-22 22:40:23 (359),1,1,3,3,-122,-16
1006,5G基站,2023-03-22 22:40:24 (394),1,1,3,3,-125,-16
1007,5G基站,2023-03-22 22:40:25 (408),1,1,3,3,-125,-17
1008,5G基站,2023-03-22 22:40:26 (439),1,1,3,3,-125,-17
1009,5G基站,2023-03-22 22:40:27 (473),1,1,3,3,-125,-17
1010,5G基站,2023-03-22 22:40:28 (489),1,1,3,3,-125,-17
1011,5G基站,2023-03-22 22:40:29 (839),1,1,3,3,-123,-17
1012,5G基站,2023-03-22 22:40:30 (539),1,1,3,3,-125,-18
1013,5G基站,2023-03-22 22:40:31 (568),1,1,3,3,-125,-17
1014,5G基站,2023-03-22 22:40:32 (594),1,1,3,3,-125,-17
1015,5G基站,2023-03-22 22:40:33 (614),1,1,3,3,-125,-17
1016,5G基站,2023-03-22 22:40:34 (634),1,1,3,3,-125,-17
1017,5G基站,2023-03-22 22:40:35 (674),1,1,3,3,-125,-16
1018,5G基站,2023-03-22 22:40:36 (694),1,1,3,3,-125,-17
1019,5G基站,2023-03-22 22:40:37 (754),1,1,3,3,-125,-17
1020,5G基站,2023-03-22 22:40:38 (734),1,1,3,3,-125,-16
1021,5G基站,2023-03-22 22:40:39 (759),1,1,3,3,-125,-16
1022,5G基站,2023-03-22 22:40:40 (794),1,1,3,3,-126,-17
1023,5G基站,2023-03-22 22:40:41 (809),1,1,3,3,-126,-17
1024,5G基站,2023-03-22 22:40:42 (834),1,1,3,3,-126,-17
1025,5G基站,2023-03-22 22:40:43 (863),1,1,3,3,-126,-17
1026,5G基站,2023-03-22 22:40:44 (891),1,1,3,3,-127,-18
1027,5G基站,2023-03-22 22:40:45 (914),1,1,3,3,-125,-16
1028,5G基站,2023-03-22 22:40:46 (934),1,1,3,3,-126,-17
1029,5G基站,2023-03-22 22:40:47 (974),1,1,3,3,-126,-17
1030,5G基站,2023-03-22 22:40:49 (13),1,1,3,3,-128,-19
1031,5G基站,2023-03-22 22:40:50 (14),1,1,3,3,-128,-19
1032,5G基站,2023-03-22 22:40:51 (38),1,1,3,3,-125,-16
1033,5G基站,2023-03-22 22:40:52 (73),1,1,3,3,-124,-16
1034,5G基站,2023-03-22 22:40:53 (118),1,1,3,3,-124,-15
1035,5G基站,2023-03-22 22:40:54 (139),1,1,3,3,-124,-15
1036,5G基站,2023-03-22 22:40:55 (134),1,1,3,3,-127,-18
1037,5G基站,2023-03-22 22:40:56 (139),1,1,3,3,-128,-19
1038,5G基站,2023-03-22 22:40:57 (254),1,1,3,3,-126,-17
1039,5G基站,2023-03-22 22:40:58 (214),1,1,3,3,-125,-17
1040,5G基站,2023-03-22 22:40:59 (234),1,1,3,3,-125,-16
1041,5G基站,2023-03-22 22:41:00 (259),1,1,3,3,-124,-17
1042,5G基站,2023-03-22 22:41:01 (289),1,1,3,3,-125,-17
1043,5G基站,2023-03-22 22:41:02 (314),1,1,3,3,-125,-16
1044,5G基站,2023-03-22 22:41:03 (353),1,1,3,3,-126,-17
1045,5G基站,2023-03-22 22:41:04 (439),1,1,3,3,-126,-17
1046,5G基站,2023-03-22 22:41:05 (394),1,1,3,3,-126,-17
1047,5G基站,2023-03-22 22:41:06 (434),1,1,3,3,-126,-17
1048,5G基站,2023-03-22 22:41:07 (439),1,1,3,3,-127,-18
1049,5G基站,2023-03-22 22:41:08 (473),1,1,3,3,-126,-18
1050,5G基站,2023-03-22 22:41:09 (494),1,1,3,3,-127,-18
1051,5G基站,2023-03-22 22:41:10 (514),1,1,3,3,-127,-18
1052,5G基站,2023-03-22 22:41:11 (534),1,1,3,3,-127,-17
1053,5G基站,2023-03-22 22:41:12 (574),1,1,3,3,-127,-17
1054,5G基站,2023-03-22 22:41:13 (594),1,1,3,3,-127,-18
1055,5G基站,2023-03-22 22:41:14 (609),1,1,3,3,-126,-17
1056,5G基站,2023-03-22 22:41:15 (654),1,1,3,3,-125,-16
1057,5G基站,2023-03-22 22:41:16 (659),1,1,3,3,-125,-16
1058,5G基站,2023-03-22 22:41:17 (689),1,1,3,3,-126,-17
1059,5G基站,2023-03-22 22:41:18 (714),1,1,3,3,-125,-17
1060,5G基站,2023-03-22 22:41:19 (734),1,1,3,3,-126,-17
1061,5G基站,2023-03-22 22:41:20 (759),1,1,3,3,-125,-16
1062,5G基站,2023-03-22 22:41:21 (809),1,1,3,3,-125,-17
1063,5G基站,2023-03-22 22:41:22 (809),1,1,3,3,-125,-16
1064,5G基站,2023-03-22 22:41:23 (834),1,1,3,3,-125,-16
1065,5G基站,2023-03-22 22:41:24 (874),1,1,3,3,-125,-17
1066,5G基站,2023-03-22 22:41:25 (889),1,1,3,3,-126,-17
1067,5G基站,2023-03-22 22:41:26 (929),1,1,3,3,-126,-17
1068,5G基站,2023-03-22 22:41:27 (934),1,1,3,3,-126,-17
1069,5G基站,2023-03-22 22:41:29 (54),1,1,3,3,-127,-18
1070,5G基站,2023-03-22 22:41:29 (994),1,1,3,3,-126,-18
1071,5G基站,2023-03-22 22:41:31 (13),1,1,3,3,-127,-18
1072,5G基站,2023-03-22 22:41:32 (49),1,1,3,3,-126,-17
1073,5G基站,2023-03-22 22:41:33 (89),1,1,3,3,-127,-17
1074,5G基站,2023-03-22 22:41:34 (94),1,1,3,3,-128,-19
1075,5G基站,2023-03-22 22:41:35 (114),1,1,3,3,-127,-19
1076,5G基站,2023-03-22 22:41:36 (153),1,1,3,3,-127,-20
1077,5G基站,2023-03-22 22:41:37 (173),1,1,3,3,-130,-20
